{
    "rmse": 0.22886278258108322,
    "mae": 0.15162447043973395,
    "r2": 0.32654229185784445
}